{
  "insert": {
    "mysql": {
      "10K": 0.5556623000011314,
      "100K": 4.874631300015608,
      "1M": 57.495043999981135
    },
    "mongodb": {
      "10K": 0.4411366000131238,
      "100K": 3.2405727000150364,
      "1M": 37.54861160001019
    }
  },
  "throughput": {
    "mysql": {
      "10K": 17996.542144355735,
      "100K": 20514.372030491788,
      "1M": 17392.80345624795
    },
    "mongodb": {
      "10K": 22668.715313357585,
      "100K": 30858.74296217332,
      "1M": 26632.143170900323
    }
  },
  "select": {
    "single": {
      "mysql": 0.012090989996795542,
      "mongodb": 0.01592788000125438
    },
    "range": {
      "mysql": 2.302491700014798,
      "mongodb": 2.4296266999735963
    }
  },
  "update": {
    "mysql": {
      "1K": 0.03411970002343878,
      "10K": 0.10976260001189075,
      "100K": 1.0541382000083104
    },
    "mongodb": {
      "1K": 0.05904970000847243,
      "10K": 0.21399170000222512,
      "100K": 2.0906314000021666
    }
  },
  "delete": {
    "mysql": {
      "10K": 0.4406056999869179,
      "100K": 3.130458899977384,
      "300K": 10.190718300000299
    },
    "mongodb": {
      "10K": 0.6360428999760188,
      "100K": 5.746366000006674,
      "300K": 10.045705099997576
    }
  },
  "complex": {
    "mysql": 2.343353300006129,
    "mongodb": 137.65768770000432
  }
}